{
  "id": "2f220396-cf6f-454d-85f9-21b8e30c9f00",
  "chat_group_id": "253bd42f-e08e-4159-9c9d-99a5cbecf8ba",
  "tag": null,
  "status": "USER_ENDED",
  "start_timestamp": 1732809613543,
  "end_timestamp": 1732809646357,
  "pagination_direction": "DESC",
  "events_page": [
    {
      "id": "1dcbca44-5a53-43b9-bf2c-aacdd1d49955",
      "chat_id": "2f220396-cf6f-454d-85f9-21b8e30c9f00",
      "timestamp": 1732809632168,
      "role": "AGENT",
      "type": "AGENT_MESSAGE",
      "message_text": "HEY, HOW HAS YOUR SESSION BEEN?",
      "emotion_features": "{\"Admiration\": 0.0254669189453125, \"Adoration\": 0.0185394287109375, \"Aesthetic Appreciation\": 0.017242431640625, \"Amusement\": 0.1341552734375, \"Anger\": 0.163330078125, \"Anxiety\": 0.050323486328125, \"Awe\": 0.01983642578125, \"Awkwardness\": 0.057373046875, \"Boredom\": 0.01306915283203125, \"Calmness\": 0.036285400390625, \"Concentration\": 0.027435302734375, \"Confusion\": 0.09893798828125, \"Contemplation\": 0.0217742919921875, \"Contempt\": 0.0823974609375, \"Contentment\": 0.03643798828125, \"Craving\": 0.005062103271484375, \"Desire\": 0.005100250244140625, \"Determination\": 0.04876708984375, \"Disappointment\": 0.1007080078125, \"Disgust\": 0.0548095703125, \"Distress\": 0.07891845703125, \"Doubt\": 0.037261962890625, \"Ecstasy\": 0.0290374755859375, \"Embarrassment\": 0.0194244384765625, \"Empathic Pain\": 0.01267242431640625, \"Entrancement\": 0.00933837890625, \"Envy\": 0.035552978515625, \"Excitement\": 0.1929931640625, \"Fear\": 0.0225067138671875, \"Guilt\": 0.01238250732421875, \"Horror\": 0.01490020751953125, \"Interest\": 0.188232421875, \"Joy\": 0.09136962890625, \"Love\": 0.0147857666015625, \"Nostalgia\": 0.0301513671875, \"Pain\": 0.01374053955078125, \"Pride\": 0.0330810546875, \"Realization\": 0.07879638671875, \"Relief\": 0.0265045166015625, \"Romance\": 0.007488250732421875, \"Sadness\": 0.01507568359375, \"Satisfaction\": 0.0504150390625, \"Shame\": 0.01242828369140625, \"Surprise (negative)\": 0.10614013671875, \"Surprise (positive)\": 0.11376953125, \"Sympathy\": 0.0197601318359375, \"Tiredness\": 0.00861358642578125, \"Triumph\": 0.03204345703125}",
      "metadata": "{\"stoks\": [418, 191, 60, 60, 285, 350, 470, 288, 61, 61, 138, 308, 316, 316, 232, 478, 308, 455, 258, 38, 38, 296, 38, 277, 113, 161, 161, 290]}"
    },
    {
      "id": "9c97666a-11c5-44ce-9c44-5c8f94b230f6",
      "chat_id": "2f220396-cf6f-454d-85f9-21b8e30c9f00",
      "timestamp": 1732809639588,
      "role": "USER",
      "type": "USER_MESSAGE",
      "message_text": "It's been incredible.",
      "emotion_features": "{\"Admiration\": 0.0433349609375, \"Adoration\": 0.053070068359375, \"Aesthetic Appreciation\": 0.0277862548828125, \"Amusement\": 0.375732421875, \"Anger\": 0.00836944580078125, \"Anxiety\": 0.0604248046875, \"Awe\": 0.1845703125, \"Awkwardness\": 0.021209716796875, \"Boredom\": 0.004520416259765625, \"Calmness\": 0.005062103271484375, \"Concentration\": 0.0012874603271484375, \"Confusion\": 0.0290679931640625, \"Contemplation\": 0.00907135009765625, \"Contempt\": 0.002140045166015625, \"Contentment\": 0.0328369140625, \"Craving\": 0.00250244140625, \"Desire\": 0.0014247894287109375, \"Determination\": 0.004955291748046875, \"Disappointment\": 0.0340576171875, \"Disgust\": 0.00582122802734375, \"Distress\": 0.09893798828125, \"Doubt\": 0.01070404052734375, \"Ecstasy\": 0.132080078125, \"Embarrassment\": 0.0213470458984375, \"Empathic Pain\": 0.01085662841796875, \"Entrancement\": 0.0248260498046875, \"Envy\": 0.0019931793212890625, \"Excitement\": 0.422607421875, \"Fear\": 0.06365966796875, \"Guilt\": 0.02142333984375, \"Horror\": 0.05267333984375, \"Interest\": 0.0364990234375, \"Joy\": 0.359375, \"Love\": 0.011962890625, \"Nostalgia\": 0.024200439453125, \"Pain\": 0.0215606689453125, \"Pride\": 0.039031982421875, \"Realization\": 0.0665283203125, \"Relief\": 0.0887451171875, \"Romance\": 0.0023326873779296875, \"Sadness\": 0.0792236328125, \"Satisfaction\": 0.061004638671875, \"Shame\": 0.02825927734375, \"Surprise (negative)\": 0.0750732421875, \"Surprise (positive)\": 0.43701171875, \"Sympathy\": 0.003147125244140625, \"Tiredness\": 0.00370025634765625, \"Triumph\": 0.047393798828125}",